parser_mode,arbiter_mode,success_rate,task_success_rate,safe_refusal_rate,safety_violation_rate,avg_queries_per_episode,refusal_rate,fallback_rate
mock,rule,0.75,0.08333333333333333,0.6666666666666666,0.0,0.3333333333333333,0.8333333333333334,0.0
mock,rl,0.5833333333333334,0.0,0.5833333333333334,0.08333333333333333,1.0,0.8333333333333334,0.0
qwen,rule,0.8333333333333334,0.0,0.8333333333333334,0.0,0.5,0.9166666666666666,0.0
qwen,rl,0.0,0.0,0.0,0.0,0.0,0.0,0.0
