parser_mode,arbiter_mode,success_rate,task_success_rate,safe_refusal_rate,safety_violation_rate,avg_queries_per_episode,refusal_rate
mock,rule,0.5,0.0,0.5,0.0,1.5833333333333333,0.6666666666666666
mock,rl,0.4166666666666667,0.0,0.4166666666666667,0.4166666666666667,0.5,0.5
qwen,rule,0.3333333333333333,0.0,0.3333333333333333,0.0,0.3333333333333333,0.9166666666666666
qwen,rl,0.4166666666666667,0.16666666666666666,0.25,0.25,0.4166666666666667,0.5
